<?xml version="1.0" standalone="yes"?>
<!--Generated by SISProjectCreator Version 1.0 -->
<Msg>
	<Item>
		<Key>Scope</Key>
		<Value>SIS.Scope1</Value>
	</Item>
	<Item>
		<Key>MessageType</Key>
		<Value>Alert</Value>
	</Item>
	<Item>
		<Key>Sender</Key>
		<Value>SportProgram</Value>
	</Item>
    <Item>
        <Key>Receiver</Key>
        <Value>Processor</Value>
    </Item>
	<Item>
		<Key>Purpose</Key>
		<Value>FinishAlert</Value>
	</Item>
	<Item>
		<Key>Date</Key>
		<Value>1435437191150</Value>
	</Item>
</Msg>
