<?xml version="1.0" standalone="yes"?>
<!--Generated by SISProjectCreator Version 1.0 -->
<Msg>
	<Item>
		<Key>Scope</Key>
		<Value>SIS.Scope1</Value>
	</Item>
	<Item>
		<Key>MessageType</Key>
		<Value>Setting</Value>
	</Item>
	<Item>
		<Key>Sender</Key>
		<Value>GUI</Value>
	</Item>
	<Item>
		<Key>Receiver</Key>
		<Value>REPLACE_ME</Value>
	</Item>
	<Item>
		<Key>Purpose</Key>
		<Value>Activate</Value>
	</Item>
	<Item>
		<Key>Max</Key>
		<Value>REPLACE_ME</Value>
	</Item>
	<Item>
		<Key>Min</Key>
		<Value>REPLACE_ME</Value>
	</Item>
	<Item>
		<Key>StartDate</Key>
		<Value>REPLACE_ME</Value>
	</Item>
	<Item>
		<Key>EndDate</Key>
		<Value>REPLACE_ME</Value>
	</Item>
	<Item>
		<Key>RefreshRate</Key>
		<Value>REPLACE_ME</Value>
	</Item>
</Msg>
