<?xml version="1.0" standalone="yes"?>
<!--Generated by SISProjectCreator Version 1.0 -->
<Msg>
	<Item>
		<Key>Scope</Key>
		<Value>SIS.Scope1</Value>
	</Item>
	<Item>
		<Key>MessageType</Key>
		<Value>Setting</Value>
	</Item>
	<Item>
		<Key>Sender</Key>
		<Value>GUI</Value>
	</Item>
	<Item>
		<Key>Receiver</Key>
		<Value>Uploader</Value>
	</Item>
	<Item>
		<Key>Purpose</Key>
		<Value>UpdateRecipients</Value>
	</Item>
	<Item>
		<Key>Recipients</Key>
		<Value>foo@foo.foo,bar@bar.bar</Value>
	</Item>
</Msg>
