<?xml version="1.0" standalone="yes"?>
<!--Generated by SISProjectCreator Version 1.0 -->
<Msg>
	<Item>
		<Key>Scope</Key>
		<Value>SIS.Scope1</Value>
	</Item>
	<Item>
		<Key>MessageType</Key>
		<Value>Setting</Value>
	</Item>
	<Item>
		<Key>Sender</Key>
		<Value>InputProcessor</Value>
	</Item>
	<Item>
		<Key>Receiver</Key>
		<Value>EKG</Value>
	</Item>
	<Item>
		<Key>Purpose</Key>
		<Value>UpdateRecord</Value>
	</Item>
	<Item>
		<Key>EKG</Key>
		<Value>100</Value>
	</Item>
	<Item>
		<Key>Date</Key>
		<Value>1435437191150</Value>
	</Item>
</Msg>
