<?xml version="1.0" standalone="yes"?>
<!--Generated by SISProjectCreator Version 1.0 -->
<Msg>
	<Item>
		<Key>Scope</Key>
		<Value>SIS.Scope1</Value>
	</Item>
	<Item>
		<Key>MessageType</Key>
		<Value>Reading</Value>
	</Item>
	<Item>
		<Key>Sender</Key>
		<Value>KinectMonitor</Value>
	</Item>
	<Item>
		<Key>KinectData</Key>
		<Value>299 183 1911|196 450 1699|410 447 1692|239 364 1824|376 364 1817|251 280 1884|351 280 1892|301 357 1790|249 526 1713|281 534 1515|217 672 1574|227 716 1222</Value>
	</Item>
	<Item>
		<Key>Date</Key>
		<Value>1417455300871</Value>
	</Item>
</Msg>
