<?xml version="1.0" standalone="yes"?>
<!--Generated by SISProjectCreator Version 1.0 -->
<Msg>
	<Item>
		<Key>Scope</Key>
		<Value>SIS.Scope1</Value>
	</Item>
	<Item>
		<Key>MessageType</Key>
		<Value>Reading</Value>
	</Item>
	<Item>
		<Key>Sender</Key>
		<Value>KinectMonitor</Value>
	</Item>
	<Item>
		<Key>KinectData</Key>
		<Value>306 295 1477|184 591 1440|436 571 1466|220 483 1509|391 460 1542|250 393 1581|362 388 1610|306 457 1622|327 453 2039|337 561 1847|323 557 1870|341 644 1927</Value>
	</Item>
	<Item>
		<Key>Date</Key>
		<Value>1417455301093</Value>
	</Item>
</Msg>
