<?xml version="1.0" standalone="yes"?>
<!--Generated by SISProjectCreator Version 1.0 -->
<Msg>
	<Item>
		<Key>Scope</Key>
		<Value>SIS.Scope1</Value>
	</Item>
	<Item>
		<Key>MessageType</Key>
		<Value>Reading</Value>
	</Item>
	<Item>
		<Key>Sender</Key>
		<Value>KinectMonitor</Value>
	</Item>
	<Item>
		<Key>KinectData</Key>
		<Value>296 378 319|362 449 1186|276 432 1255|254 552 1172|369 541 1152|301 464 1222|301 468 1221|350 432 1323|319 459 1175|302 452 468|306 471 415|536 481 497</Value>
	</Item>
	<Item>
		<Key>Date</Key>
		<Value>1417455301296</Value>
	</Item>
</Msg>
