<?xml version="1.0" standalone="yes"?>
<!--Generated by SISProjectCreator Version 1.0 -->
<Msg>
	<Item>
		<Key>Scope</Key>
		<Value>SIS.Scope1</Value>
	</Item>
	<Item>
		<Key>MessageType</Key>
		<Value>Emergency</Value>
	</Item>
	<Item>
		<Key>Sender</Key>
		<Value>TempBloodPressure</Value>
	</Item>
	<Item>
		<Key>MainComponent</Key>
		<Value>BloodPressure</Value>
	</Item>
	<Item>
		<Key>HelperComponents</Key>
		<Value>Temp</Value>
	</Item>
	<Item>
		<Key>Note</Key>
		<Value>TESTTESTTEST</Value>
	</Item>
	<Item>
		<Key>Date</Key>
		<Value>1435437191150</Value>
	</Item>
</Msg>
