<?xml version="1.0" standalone="yes"?>
<!--Generated by SISProjectCreator Version 1.0 -->
<Msg>
	<Item>
		<Key>Scope</Key>
		<Value>SIS.Scope1</Value>
	</Item>
	<Item>
		<Key>MessageType</Key>
		<Value>Alert</Value>
	</Item>
	<Item>
		<Key>Sender</Key>
		<Value>Temp</Value>
	</Item>
	<Item>
		<Key>Purpose</Key>
		<Value>TempAlert</Value>
	</Item>
	<Item>
		<Key>Temp</Key>
		<Value>28</Value>
	</Item>
	<Item>
		<Key>Date</Key>
		<Value>1435437191150</Value>
	</Item>
</Msg>
