<?xml version="1.0" encoding="iso-8859-1"?>
<pnml>
	<place>
		<name>
			<value>TempBloodPressure</value>
		</name>
		<scope>
			<value>SIS.Scope1</value>
		</scope>
		<initialCode>
			<value></value>
		</initialCode>
		<helperCode>
			<value></value>
		</helperCode>
		<helperClassCode>
			<value></value>
		</helperClassCode>
	</place>
	<place>
		<name>
			<value>Temp</value>
		</name>
	</place>
	<place>
		<name>
			<value>BloodPressure</value>
		</name>
	</place>
	<transition>
		<name>
			<value>TemptoTempBloodPressure</value>
		</name>
		<source>
			<value>Temp</value>
		</source>
		<purpose>
			<value>TempAlert</value>
		</purpose>
		<code>
			<value></value>
		</code>
	</transition>
	<transition>
		<name>
			<value>BloodPressureToTempBloodPressure</value>
		</name>
		<source>
			<value>BloodPressure</value>
		</source>
		<purpose>
			<value>BloodPressureAlert</value>
		</purpose>
		<code>
			<value></value>
		</code>
	</transition>
</pnml>